{
  "info": {
    "name": "React Node MySQL Auth API",
    "description": "Authentication APIs for React + Node.js + MySQL application",
    "schema": "https://schema.getpostman.com/json/collection/v2.1.0/collection.json"
  },
  "item": [
    {
      "name": "Register User",
      "request": {
        "method": "POST",
        "header": [
          {
            "key": "Content-Type",
            "value": "application/json"
          }
        ],
        "url": {
          "raw": "http://localhost:5000/api/auth/register",
          "protocol": "http",
          "host": [
            "localhost"
          ],
          "port": "5000",
          "path": [
            "api",
            "auth",
            "register"
          ]
        },
        "body": {
          "mode": "raw",
          "raw": "{\n  \"name\": \"Test User\",\n  \"email\": \"testuser@gmail.com\",\n  \"password\": \"123456\"\n}"
        }
      }
    },
    {
      "name": "Login User",
      "request": {
        "method": "POST",
        "header": [
          {
            "key": "Content-Type",
            "value": "application/json"
          }
        ],
        "url": {
          "raw": "http://localhost:5000/api/auth/login",
          "protocol": "http",
          "host": [
            "localhost"
          ],
          "port": "5000",
          "path": [
            "api",
            "auth",
            "login"
          ]
        },
        "body": {
          "mode": "raw",
          "raw": "{\n  \"email\": \"superadmin@gmail.com\",\n  \"password\": \"123456\"\n}"
        }
      },
      "event": [
        {
          "listen": "test",
          "script": {
            "type": "text/javascript",
            "exec": [
              "if (pm.response.code === 200) {",
              "  var jsonData = pm.response.json();",
              "  pm.environment.set('token', jsonData.token);",
              "}"
            ]
          }
        }
      ]
    },
    {
      "name": "Dashboard (Protected)",
      "request": {
        "method": "GET",
        "header": [
          {
            "key": "Authorization",
            "value": "Bearer {{token}}",
            "type": "text"
          }
        ],
        "url": {
          "raw": "http://localhost:5000/api/auth/dashboard",
          "protocol": "http",
          "host": [
            "localhost"
          ],
          "port": "5000",
          "path": [
            "api",
            "auth",
            "dashboard"
          ]
        }
      }
    }
  ]
}